store_name,item_name,category
Vapouriz,NORD 2 POD KIT BY SMOK / 7 COLOUR COBRA,nicotine
Vapouriz,PRICE MATCH,nicotine
T4,Fried Chicken Popcorns,eating out
T4,Mango Royal Tea,drinks
T4,- L - Royal Tea,drinks
T4,- White Pe,drinks
T4,Jadeite Royal Tea,drinks
T4,- Pearl,drinks
Simply Fresh,STRAWBERRY TWISTS,snacks
Simply Fresh,NEW REGULAR LATTE,drinks
TESCO,SPRKLING WAT,drinks
TESCO,BEEF MINCE REDUCED PRICE,groceries
TESCO,BEEF MINCE REDUCED PRICE,groceries
TESCO,BAKE BAG,homeware
TESCO,CHICKEN,groceries
TESCO,PASTA,groceries
TESCO,POTATO SHAPES,groceries
TESCO,PASTA,groceries
TESCO,GARLIC GRANU,groceries
TESCO,COOKED HAM,groceries
TESCO,CC Chicken,groceries
TESCO,CC Bake bag,homeware
TESCO,CC Potato shapes,groceries
WAITROSE & PARTNERS,TANGERINES,groceries
WAITROSE & PARTNERS,TANGERINES,groceries
WAITROSE & PARTNERS,WR AA SIRLOIN STEAK,groceries
WAITROSE & PARTNERS,WR SALMN TAIL FILLTS,groceries
WAITROSE & PARTNERS,WR 2 RUMP BURGERS,groceries
WAITROSE & PARTNERS,WR 2 RUMP BURGERS,groceries
WAITROSE & PARTNERS,WR ESS CHICK DRMSTKS,groceries
WAITROSE & PARTNERS,WAKAME SALAD,groceries
WAITROSE & PARTNERS,Burgers 2 for £7.50,groceries
WAITROSE & PARTNERS,2 for £4 2 for £4,groceries
WAITROSE & PARTNERS,MPF 3 for £10,groceries
TESCO,SESAME BAGELS,groceries
TESCO,YOGURT FLAKE,groceries
TESCO,OPTIONS DRINK,drinks
TESCO,MULTIPACK CRSP,snacks
TESCO,ACTIMEL 12PK,drinks
TESCO,CEREAL,groceries
TESCO,LATTE DRINK,drinks
TESCO,LEMONADE,drinks
TESCO,PEPSI COLA,drinks
TESCO,BACON RASHERS,groceries
TESCO,RED LEICESTER,groceries
TESCO,BRIOCHE,groceries
TESCO,RIPE BANANAS,groceries
TESCO,HAND WASH,personal hygiene
TESCO,F/RANGE EGGS,groceries
TESCO,HAND WASH,personal hygiene
TESCO,YAKULT DRINK,drinks
TESCO,TOOTHBRUSH,personal hygiene
TESCO,LURPAK BUTTER,groceries
TESCO,CC Latte drink,drinks
TESCO,CC Latte drink,drinks
TESCO,CC Latte drink,drinks
TESCO,CC Latte drink,drinks
TESCO,CC Hand wash,personal hygiene
TESCO,CC Hand wash,personal hygiene
TESCO,CC Options drink,drinks
TESCO,CC CHEDDAR 2 FOR u3,groceries
TESCO,CAFE LATTE,drinks
TESCO,CAFE LATTE,drinks
TESCO,CAFE LATTE,drinks
TESCO,CAFE LATTE,drinks
TESCO,CHINESE LEAF,groceries
TESCO,PORK SLICES,groceries
TESCO,SALMON FILLETS,groceries
TESCO,PRAWNS,groceries
TESCO,SALMON FILLETS,groceries
TESCO,MILKSHAKE,drinks
TESCO,ENGLISH BUTTER,groceries
TESCO,SEASONAL VEG,groceries
TESCO,SEASONAL VEG,groceries
TESCO,SEASONAL VEG,groceries
TESCO,SOFT CHEESE,groceries
TESCO,SOFT CHEESE,groceries
TESCO,JUICE DRINK,drinks
TESCO,JUICE DRINK,drinks
TESCO,TWIN SWEETCORN,groceries
TESCO,TWIN SWEETCORN,groceries
TESCO,PORK SAUSAGE,groceries
TESCO,ROAST CHICKEN,groceries
TESCO,OKRA,groceries
TESCO,CHILLI CHEESE,groceries
TESCO,CHICKEN THIGHS,groceries
TESCO,F/RANGE EGGS,groceries
TESCO,CHICKEN THIGHS,groceries
TESCO,CC Prawns,groceries
TESCO,CC Milkshake,drinks
TESCO,CC VEGETABLES 3 FOR 2 C/F,groceries
TESCO,ICED COFFEE,drinks
TESCO,CKN DRUMSTICKS,groceries
TESCO,TRAINER LINERS,clothes & accessories
TESCO,PORK SNACK,snacks
TESCO,CRISPS,snacks
TESCO,ICE LOLLIES,snacks
TESCO,PEAS,groceries
TESCO,MINI EGGS BAR,snacks
TESCO,CHOCOLATE,snacks
TESCO,SCRATCHINGS,snacks
TESCO,PRAWNS,groceries
TESCO,ACTIMEL 12PK,drinks
TESCO,FRESH MILK,groceries
TESCO,GINGER CAKE,snacks
TESCO,ICE CREAM,snacks
TESCO,ICE CREAM,snacks
TESCO,BREAD,groceries
TESCO,EGGS,groceries
TESCO,PIZZA,groceries
TESCO,TESCO GRLC500G,groceries
TESCO,CRISPS,snacks
TESCO,CONDITIONER,personal hygiene
TESCO,CKN NUGGETS,groceries
TESCO,CKN NUGGETS,groceries
TESCO,LIME JELLY,snacks
TESCO,S/BERRY JELLY,snacks
TESCO,ORANGE JELLY,snacks
TESCO,TUNA,groceries
TESCO,NY BAGELS,groceries
TESCO,COFFEE BEANS,drinks
TESCO,SMOKED STREAKY,groceries
TESCO,BACON,groceries
TESCO,MINI EGGS BAR,snacks
TESCO,BERLINKI,groceries
TESCO,TOPPINGS,snacks
TESCO,PIZZA,groceries
TESCO,BLACK PUDDING,groceries
TESCO,FRESH MILK,groceries
TESCO,BODY WASH,personal hygiene
TESCO,CAKE DECOR,groceries
TESCO,SAUSAGES,groceries
TESCO,BEEF MINCE,groceries
TESCO,CC Pizza,groceries
TESCO,CC Pizza,groceries
TESCO,CC Cake decor,groceries
TESCO,CC Conditioner,personal hygiene
TESCO,CC Toppings,snacks
TESCO,CC Ice cream,snacks
TESCO,CC Ice cream,snacks
TESCO,CC Ice lollies,snacks
TESCO,CC Ginger cake,snacks
TESCO,CC Coffee beans,drinks
TESCO,CC Crisps,snacks
TESCO,CC Actimel 12pk,drinks
tesco,FRUIT GUMS,snacks
tesco,SOFT DRINK,drinks
tesco,CHOCOLATE,snacks
tesco,CHICKEN S/WICH,eating out
tesco,BUNTING 5METRE,homeware
tesco,CRISPS,snacks
tesco,CHOCOLATE,snacks
tesco,CHOCOLATE,snacks
tesco,£3 MEAL DEAL,eating out
tesco,CC Chocolate,snacks
tesco,CC Chocolate,snacks
TESCO,EGGS,groceries
TESCO,GATEAU BAR,snacks
TESCO,KITKAT CHUNKY,snacks
TESCO,KIPLING,snacks
TESCO,CHOCOLATE,snacks
TESCO,F/RANGE EGGS,groceries
TESCO,PARSLEY,groceries
TESCO,FRESH MILK,groceries
TESCO,SPICES/HERBS,groceries
TESCO,4 CROISSANTS,groceries
TESCO,SAUSAGE SLICES,groceries
TESCO,CHICKEN,groceries
TESCO,BUTTERNUT SOUP,groceries
TESCO,CHOCOLATE CAKE,snacks
TESCO,CAKE,snacks
TESCO,BURGER BUNS,groceries
TESCO,SMOKED STREAKY,groceries
TESCO,BACON RASHERS,groceries
TESCO,CHOC ECLAIRS,snacks
TESCO,PAIN AU RAISIN,groceries
TESCO,KM WHITE MED,groceries
TESCO,BLACK PUDDING,groceries
TESCO,HADDOCK,groceries
TESCO,PLATTER,groceries
TESCO,MOZZARELLA,groceries
TESCO,CONTI MEAT,groceries
TESCO,MINCE BEEF,groceries
TESCO,WHOLEMEAL,groceries
TESCO,GEM LETTUCE,groceries
TESCO,ONIONS 1KG,groceries
TESCO,CREME CARAMEL,snacks
TESCO,YAKULT DRINK,drinks
TESCO,GINGER NUTS,snacks
TESCO,CEREAL,groceries
TESCO,SALAD TOMATOES,groceries
TESCO,KABANOS,groceries
TESCO,AUBERGINE,groceries
TESCO,GINGER NUTS,snacks
TESCO,POTATOES,groceries
TESCO,CHEESE SLICE,groceries
TESCO,PEANUT BUTTER,groceries
TESCO,BERLINKI,groceries
TESCO,BERLINKI,groceries
TESCO,PORK SLICES,groceries
TESCO,BBQ SAUCE,groceries
TESCO,FRESH MILK,groceries
TESCO,CC Butternut soup,groceries
TESCO,CC Berlinki,groceries
TESCO,CC Berlinki,groceries
TESCO,CC Slices,groceries
TESCO,CC Cake,snacks
TESCO,CC chocolate cake,snacks
TESCO,CC Haddock,groceries
TESCO,CC DELI SHARING 2 FOR u4,groceries
LiDL,Corn on the cob Loos,groceries
LiDL,Marvellous Tomatoes,groceries
LiDL,Rainbow Tomatoes,groceries
LiDL,Extra Large Onions,groceries
LiDL,Asparagus Tips,groceries
LiDL,Soft Medium White,groceries
LiDL,Deluxe Blueberries,groceries
LiDL,Mini Cucumbers,groceries
LiDL,Garlic,groceries
TESCO,Kellogg's Crunchy Nut Chocolate Clusters 450g,groceries
TESCO,Fairy Original Washing Up Liquid 1150ml,cleaning & laundry
TESCO,Feast Chocolate Ice Cream 4 x 90ml,snacks
TESCO,Tesco Raw King Prawns 165g,groceries
TESCO,Tesco British Chicken Thigh Fillets 1kg,groceries
TESCO,Tesco Pork Lean Mince 5% Fat 500g,groceries
TESCO,Tesco Salad Tomatoes 6 Pack,groceries
TESCO,Ben & Jerry's Baked Alaska Vanilla Ice Cream 465ml,snacks
TESCO,Tesco Corn On The Cob Twinpack,groceries
TESCO,Tesco Spirali Pasta 500g,groceries
TESCO,Tesco Rocket Chillies 250g,groceries
TESCO,Cc Ice Cream,snacks
OSPREY LONDON,MS4275-22:CHESTNUT Malham N/S Coin Wallet - Glazed Calf Colour: CHESTNUT,clothes & accessories
WAITROSE & PARTNERS,WR B/CHICKEN WINGS,groceries
WAITROSE & PARTNERS,WR ESS THIGH FILLETS,groceries
WAITROSE & PARTNERS,WR ESS BEEF BURGERS,groceries
WAITROSE & PARTNERS,WR BEEF FRYING STEAK,groceries
WAITROSE & PARTNERS,WR SEA BREAM FILLETS,groceries
WAITROSE & PARTNERS,WR SALMN TAIL FILLTS,groceries
WAITROSE & PARTNERS,V CKITTENS ETON MESS,snacks
WAITROSE & PARTNERS,WR CHICK JAMB SOUP,groceries
WAITROSE & PARTNERS,TANGERINES,groceries
WAITROSE & PARTNERS,V TWIX TWIN BAR,snacks
WAITROSE & PARTNERS,WR ESS HOT CROSS BUN,groceries
WAITROSE & PARTNERS,GRESS SPATCHCOCK,groceries
WAITROSE & PARTNERS,WR BLUEBS,groceries
WAITROSE & PARTNERS,CC BELGN BTTR WFFLES,groceries
WAITROSE & PARTNERS,MPFE 3 For £10,groceries
TESCO,TESCO GRLC500G,groceries
TESCO,YOGURT,groceries
TESCO,TESCO GRLC500G,groceries
TESCO,CHICKEN DRUMS,groceries
TESCO,F/RANGE EGGS,groceries
TESCO,MULLCDRSPICE,groceries
TESCO,DRIED YEAST,groceries
TESCO,POTATOES,groceries
TESCO,PORK SLICES,groceries
TESCO,CAFE LATTE,drinks
TESCO,CAFE LATTE,drinks
TESCO,CAFE LATTE,drinks
TESCO,CAFE LATTE,drinks
TESCO,W 400G DAN WHT,groceries
TESCO,BREAD,groceries
TESCO,LAMB CHOPS,groceries
TESCO,LAMB CHOPS,groceries
TESCO,CC Lamb chops,groceries
TESCO,CC Lamb chops,groceries
ALDI,FERRERO,snacks
ALDI,DRK/WHTE CHOC 100G,groceries
ALDI,DRK/WHTE CHOC 100G,groceries
ALDI,DRK/WHTE CHOC 100G,groceries
ALDI,MAOAM MIXX,snacks
ALDI,SALT TABLE 750G,groceries
ALDI,LEMONS UNWAXED,groceries
ALDI,TUNA IN BRINE 145G,groceries
ALDI,TUNA IN BRINE 145G,groceries
ALDI,TUNA IN BRINE 145G,groceries
ALDI,TUNA IN BRINE 145G,groceries
ALDI,MAOAM MIXX,snacks
ALDI,TURKISH DELIGHT,snacks
ALDI,POTATO MINI ROAST,groceries
ALDI,POTATOES MINI ROAST,groceries
ALDI,ROSEMARY CUT,groceries
ALDI,THYME CUT,groceries
ALDI,STACKERS SC/BBQ,snacks
ALDI,PEANUTS SALTED,snacks
ALDI,XMAS PUFFS / BALLS,snacks
ALDI,SNACK MIX TRAY,snacks
ALDI,SNACK MIX TRAY,snacks
ALDI,WINE RED SPANISH,alcohol
ALDI,HONEY JAR 454G,groceries
ALDI,WINE RED SPANISH,alcohol
ALDI,SATSUMAS KING,groceries
LiDL,Sea Salt Mill,homeware
LiDL,Sweet Shop Favourite,snacks
LiDL,Premium Oranges,groceries
LiDL,Men Hydra Ener Scrub,personal hygiene
LiDL,Baking Soda 170g,groceries
LiDL,Bananas 5 Pack,groceries
LiDL,Kinder Joy,snacks
LiDL,British Unsal Butter,groceries
LiDL,Frosted Flakes,groceries
LiDL,Whole Goose,groceries
COSTA,Latte Regular,drinks
TESCO,SLICED BLOOM,groceries
TESCO,BROWN SUGAR,groceries
TESCO,HONEY,groceries
TESCO,JALFREZI SAUCE,groceries
TESCO,ICE CREAM,snacks
TESCO,YOGURT,groceries
TESCO,CHOCOLATE,snacks
TESCO,MINI EGGS BAR,snacks
TESCO,FRUIT JUICE,drinks
TESCO,CLEMENTINE,groceries
TESCO,RIPE BANANAS,groceries
TESCO,F/RANGE EGGS,groceries
TESCO,BREAD,groceries
TESCO,EGGS,groceries
TESCO,GINGER CAKE,snacks
TESCO,CHEDDAR,groceries
TESCO,FRUIT JUICE,drinks
TESCO,RED LEICESTER,groceries
TESCO,SMOKED SALMON,groceries
TESCO,CONDITIONER,personal hygiene
TESCO,RED PEPPER,groceries
TESCO,BLACK PUDDING,groceries
TESCO,UNSALT BUTTER,groceries
TESCO,GOLDEN SYRUP,groceries
TESCO,COFFEE BEANS,groceries
TESCO,T RIPE AVO PK,groceries
TESCO,PORK SAUSAGES,groceries
TESCO,SUGAR,groceries
TESCO,CHICKEN THIGHS,groceries
TESCO,ICE CREAM,snacks
TESCO,8 CUP,homeware
TESCO,BISCUITS,snacks
TESCO,UNSALT BUTTER,groceries
TESCO,GUM,snacks
TESCO,LYCHEE DRINK,drinks
TESCO,LYCHEE DRINK,drinks
TESCO,FRSH DBL CRM,groceries
TESCO,HONEY,groceries
TESCO,CC Fruit juice,drinks
TESCO,CC Golden syrup,groceries
TESCO,CC Ice cream,snacks
TESCO,CC Ice cream,snacks
TESCO,CC Lychee drink,drinks
TESCO,CC Lychee drink,drinks
TESCO,CC Jalfrezi sauce,snacks
Currys PC World,SONY WF-C500 G RN,electrical
TESCO,CADDY LINERS,cleaning & laundry
TESCO,BERLINKI,groceries
TESCO,FRSH WHPG CRM,groceries
TESCO,FRESH MILK,groceries
TESCO,CARTRIDGES,electrical
TESCO,STEEL GARLIC,homeware
TESCO,SMOKED STREAKY,groceries
TESCO,CEREAL,groceries
TESCO,CEREAL,groceries
TESCO,CC Cartridges,electrical
TESCO,CC Berlinki,groceries
TACO BELL,QUES BOX,eating out
TACO BELL,Guacamole Sgl Shot,eating out
LiDL,Custard Creams Biscu,snacks
LiDL,4 Muffins TripleChoc,snacks
LiDL,12 FR Large Eggs,groceries
LiDL,Garlic,groceries
LiDL,Medallion Steak 340g,groceries
LiDL,Tomatoes,groceries
LiDL,Onions,groceries
lidl,White Toastie,groceries
lidl,Green Tee Honey,drinks
lidl,AriZona Iced Tea,drinks
lidl,Green Tee Pomegrana,drinks
lidl,Tomato Passata,groceries
lidl,Green Tee Peach,drinks
lidl,Spring Onions,groceries
lidl,Beef Brisket Joint,groceries
lidl,Pak Choi 2Pk,groceries
lidl,Echalion Shallots,groceries
lidl,Loose Baking Potat.,groceries
lidl,DISCOUNT 30%,groceries
t/a shake shack,MeisterShack,eating out
t/a shake shack,10 BITES,eating out
t/a shake shack,Choc Queen SNG,eating out
Greggs,Sausage Roll,eating out
Greggs,Chicken Bake,eating out
Greggs,Handled Paper Bag,homeware
LiDL,Beef Brisket Joint,groceries
LiDL,Medium Avocado,groceries
LiDL,Green Tea Plum,drinks
LiDL,Green Tea honey,drinks
LiDL,Green Tea Pomegranat,drinks
LiDL,Green Tea Blueberry,drinks
LiDL,Green Peach,drinks
LiDL,Washed Baby Spinach,groceries
LiDL,Sweet Mixed Peppers,groceries
LiDL,Garlic,groceries
LiDL,Mentos Chupa Babol,snacks
LiDL,Frijj Cookie Dough,drinks
LiDL,MarbleBriocheVanilla,groceries
LiDL,Tenderstem Broccoli,groceries
LiDL,Chicken Thigh Fillet,groceries
LiDL,Alexandra Potatoes,groceries
LiDL,Valentina Tomatoes,groceries
LiDL,Organic Vine Tomato,groceries
LiDL,Cucumber,groceries
LiDL,Danone Actimel Straw,drinks
LiDL,Bells Ibuprofen 200m,health & pharmacy
LiDL,Lamb Loin Chops,groceries
LiDL,Frylight Coconut Oil,groceries
LiDL,Peperami Jerky,snacks
LiDL,Smoked Salmon,groceries
LiDL,Organic Carrots,groceries
LiDL,Fresh Corn,groceries
LiDL,Paracetamol Caplets,health & pharmacy
LiDL,Pomegranate,groceries
LiDL,Mango,groceries
LiDL,MSC Wild Salmon,groceries
LiDL,Maple and PecanPlait,groceries
TESCO,CKN DRUMSTICKS,groceries
TESCO,ICE CREAM,snacks
TESCO,ICE CREAM,snacks
TESCO,TOWELS,personal hygiene
TESCO,TOWELS,personal hygiene
TESCO,TORTILLA CHIPS,snacks
TESCO,YOGHUTS,snacks
TESCO,F/RANGE EGGS,groceries
TESCO,BRIOCHE ROLL,groceries
TESCO,POTATOES,groceries
TESCO,NUTELLA,groceries
TESCO,RED PEPPER,groceries
TESCO,NUTS,snacks
TESCO,T.ZIPSEAL BAGS,homeware
TESCO,CAFE LATTE,drinks
TESCO,CAFFE LATTE,drinks
TESCO,COOKING SAUCE,groceries
TESCO,ICE CREAM,snacks
TESCO,AVOCADO EACH,groceries
TESCO,WAFFLES,snacks
TESCO,SPINACH,groceries
TESCO,REFUSE SACKS,cleaning & laundry
TESCO,CHICKEN THIGHS,groceries
TESCO,CHOCOLATE,snacks
TESCO,CEREAL,groceries
TESCO,TOWELS,personal hygiene
TESCO,LITTLE GEM TWIN,groceries
TESCO,TOWELS,personal hygiene
TESCO,SPRING ONIONS,groceries
TESCO,TWIN SWEETCORN,groceries
TESCO,CAFE LATTE,drinks
TESCO,KITCHEN TOWELS,cleaning & laundry
TESCO,CC Nutella,groceries
TESCO,CC Tortilla chips,snacks
TESCO,CC Nuts,snacks
TESCO,CC Kitchen towels,cleaning & laundry
TESCO,CC Ice cream,snacks
TESCO,CC Ice cream,snacks
TESCO,CC Ice cream,snacks
TESCO,CC Pitch,groceries
TESCO,CC Chicken sauce,groceries
TESCO,CC Potatoes,groceries
House of Fraser,Nicce Expo Jkt Sn00,clothes & accessories
TEA TERRACE,Smoked Salmon Salad,eating out
TEA TERRACE,Cream Tea For 2,eating out
TEA TERRACE,Optional Gratuity 10% 10,eating out
evapo,*Smok RPM  Coil 0.4,nicotine
evapo,Nasty Juice NS Cushman 20mg,nicotine
evapo,Coil Multi Buy 5 for 4.,nicotine
LiDL,Budweiser 4.5%,alcohol
LiDL,Medium Loaf White,groceries
LiDL,Grapefruit Loose,groceries
LiDL,Chocol Chip Cookies,snacks
LiDL,Mackeral Sunflower,groceries
LiDL,Lemon Cake,snacks
LiDL,Vegetable Oil,groceries
LiDL,Tuna in Brine,groceries
LiDL,Frijj Cookie Dough,drinks
LiDL,Smoked Bacon,groceries
LiDL,DC NAS App B Curran,drinks
LiDL,BBQ Sauce,groceries
LiDL,Clear Honey,groceries
LiDL,Columbian Coffee,drinks
LiDL,british pork sausage,groceries
LiDL,Chi BreastFille 300g,groceries
WAITROSE & PARTNERS,WR EASY PEELERS,groceries
WAITROSE & PARTNERS,WR EASY PEELERS,groceries
WAITROSE & PARTNERS,WR B/CHICKEN WINGS,groceries
WAITROSE & PARTNERS,WR SALMN TAIL FILLTS,groceries
WAITROSE & PARTNERS,WR MSC KETA SALMON,groceries
WAITROSE & PARTNERS,WR A/A RUMP STEAK,groceries
WAITROSE & PARTNERS,WAKAME SALAD,eating out
WAITROSE & PARTNERS,Fruit 2 For £4,groceries
WAITROSE & PARTNERS,MPF 3 For £10,groceries
TESCO,SWEETS,snacks
TESCO,GUMMY SWEETS,snacks
TESCO,MINI EGGS,snacks
TESCO,PORK SAUSAGE,groceries
TESCO,CEREAL,groceries
TESCO,H.BUBBA TAPE,snacks
T.K.maxx,ACCESSORIES & LIFESTYLE,clothes & accessories
TESCO,Cetaphil Gentle Skin Cleanser 236ml,personal hygiene
TESCO,Simple Kind To Skin Refreshing Shower Gel 500ml,personal hygiene
TESCO,Cc Skincare,personal hygiene
Simply Fresh,STRAWBERRY TWISTS,snacks
Simply Fresh,HAM & CHEESE CROISSANT,groceries
Simply Fresh,DFE CKTAIL F/FURTER PM1,groceries
www.itsu.com,chicken low,eating out
www.itsu.com,detox miso noodle soup,eating out
www.itsu.com,extra egg,eating out
Simply Fresh,NEW REGULAR CHAI LATTE,drinks
OXFAM,C1A - POPULAR FICTION,entertainment
OXFAM,C1A - POPULAR FICTION,entertainment
OXFAM,C1A - POPULAR FICTION,entertainment
OXFAM,C1A - POPULAR FICTION,entertainment
OXFAM,C1A - POPULAR FICTION,entertainment
OXFAM,C1A - POPULAR FICTION,entertainment
OXFAM,C1A - POPULAR FICTION,entertainment
OXFAM,C1A - POPULAR FICTION,entertainment
OXFAM,C1A - POPULAR FICTION,entertainment
OXFAM,C1A - POPULAR FICTION,entertainment
OXFAM,C1A - POPULAR FICTION,entertainment
OXFAM,C1A - POPULAR FICTION,entertainment
OXFAM,C1A - POPULAR FICTION,entertainment
OXFAM,C1A - POPULAR FICTION,entertainment
OXFAM,C1A - POPULAR FICTION,entertainment
OXFAM,C14A - REFERENCE,entertainment
COSTA,Chai Latte Regular,drinks
Co-op,CP MAYONNAISE,groceries
TESCO,Kellogg's Crunchy Nut Chcolate Clusters 450g,groceries
TESCO,Cravendale Filtered Whole Milk 2 Litre,groceries
TESCO,Cadbury Flake Ice Cream 480ml,snacks
TESCO,Flash Kitchen Degreaser Spray 750ml,cleaning & laundry
TESCO,Comfort Creation Limited Edition Fabric Conditioner 33 Wash 1.16l,cleaning & laundry
TESCO,Fairy Non Biological Washing Gel 35 Washes 1295ml,cleaning & laundry
TESCO,Tesco British Chicken Thigh Fillets 600g,groceries
TESCO,Tesco Non-scratch Sponge Pan Cleaners 6 Pack,cleaning & laundry
TESCO,Tesco Medium Free Range Eggs 12 Pack,groceries
Poundland,MAGNETIC CAR PHONE HOLDER,other
Poundland,KODAK ZINC AA 10PK,electrical
Simply Fresh,DFE CKTAIL F/FURTER PM1,groceries
Simply Fresh,REGULAR TEA SMOKIN BEAN,drinks
OXFAM,C1A - POPULAR FICTION,entertainment
OXFAM,C1A - POPULAR FICTION,entertainment
OXFAM,C1A - POPULAR FICTION,entertainment
Poundland,SELLOTAPE 24MX35MM,other
Poundland,OCCASION ROLL WRAP,other
www.itsu.com,salmon baby rolls,eating out
KENJI,Mima Bunny Plush Keyring,clothes & accesories
KENJI,Taku Glass Mug - Mushroom,homeware
KENJI,Yabu Monster - Grey,other
Sushi Jun,Bubble Tea,drinks
Sushi Jun,SEARD SALMON ROLL,eating out
Sushi Jun,UNAGI&CUCUMBER ROLL,eating out
Sushi Jun,CALIFORNIA ROLL,eating out
Sushi Jun,Vegetable GYOZA,eating out
Sushi Jun,Service Charge,eating out
Uber Eats,veggie dragon roll,eating out
Uber Eats,salmon full house,eating out
Uber Eats,chicken spring onion gyoza,eating out
Uber Eats,Gyoza dipping pot,eating out
Uber Eats,mango cheesecake mochi,eating out
T.K.maxx,ACCESSORIES & LIFESTYLE,clothes & accessories
T.K.maxx,TK MEDIUM CARRIER,other
Blue Bear Bookshop,DESCENDANT OF THE CRANE,entertainment
TESCO,WALKERS CRISPS,snacks
TESCO,OLIVE OIL,groceries
TESCO,CHOC MINI ROLLS,snacks
TESCO,TESCO GRLC500G,groceries
TESCO,FROZEN PIZZA,groceries
TESCO,SPAGHETTI,groceries
TESCO,ECLAIRS,snacks
TESCO,SWEETS,snacks
TESCO,HAPPY HIPPO,snacks
TESCO,FROZEN PIZZA,groceries
TESCO,CKN NUGGETS,groceries
TESCO,CHOC BUNNIES,snacks
TESCO,CKN NUGGETS,groceries
TESCO,MIRIN,groceries
TESCO,PASTRY,groceries
TESCO,CRISPS,snacks
TESCO,W/FOOD PINE NU,groceries
TESCO,KING PRAWNS,groceries
TESCO,FISH FINGERS,groceries
TESCO,STREAKY BACON,groceries
TESCO,FRESH CHICKEN,groceries
TESCO,GREEK YOGURT,groceries
TESCO,BRIOCHE ROLLS,groceries
TESCO,KIPLING,snacks
TESCO,WALNUTS,groceries
TESCO,HOT CHILLI,groceries
TESCO,CUMIN SEEDS,groceries
TESCO,CHOC CREPES,groceries
TESCO,CHOCOLATE,snacks
TESCO,CHOC BISCUIT,snacks
TESCO,SMIRNOFF ICE,alcohol
TESCO,PORK MINCE,groceries
TESCO,COCONUT,groceries
TESCO,CASHEW NUTS,groceries
TESCO,CHEESE,groceries
TESCO,GUMMY SWEETS,snacks
TESCO,CC Frozen pizza,groceries
TESCO,CC Frozen pizza,groceries
TESCO,CC Choc mini rolls,snacks
TESCO,CC Slices,groceries
TESCO,CC Cheese,groceries
TESCO,CC Fish fingers,groceries
TESCO,CC Walkers crisps,snacks
TESCO,Smirnoff ice,alcohol
Sainsbury's,*WALKERS MAX 50G,snacks
Sainsbury's,*MONSTER PIPELINE,drinks
Sainsbury's,BLT SW,groceries
Sainsbury's,JS DBLE CHC COOKIES,snacks
Sainsbury's,CHEESE TWIST,groceries
Sainsbury's,CHOCOLATE TWIST,groceries
Sainsbury's,PIZZA SWIRL,groceries
Sainsbury's,"LEEK, CHEDDAR & ONIO",groceries
Sainsbury's,DANISH MAPLE PECAN,groceries
Sainsbury's,Meal Deal,groceries
OXFAM,C6A - POETRY & PLAYS,entertainment
Sainsbury's,*HARIBO TANGFASTICS,snacks
Sainsbury's,STRBKS CAFF LAT220ML,drinks
Sainsbury's,STRBKS CAFF LAT220ML,drinks
Sainsbury's,*MALTESERS 189G,snacks
Sainsbury's,WW BERRY&WHITE CHOC,snacks
Sainsbury's,WW FRUITS BISCUIT SH,snacks
Sainsbury's,PAIN AUX RAISINS,groceries
T.K.maxx,MENS ESSENTIALS,clothes & accessories
T.K.maxx,TK MEDIUM CARRIER,other
T.K.maxx,MENS JERSEY,clothes & accessories
T.K.maxx,MENS BEST BRANDS,clothes & accessories
Boots UK Limited,Smp Kd Ab Clns Wsh,personal hygiene
UNIQLO,W's rayon blouse,clothes & accesories
UNIQLO,W's tapered trousers,clothes & accesories
UNIQLO,W's rayon blouse,clothes & accesories
UNIQLO,W's rayon blouse,clothes & accesories
UNIQLO,W's tapered trousers,clothes & accesories
bodycare,STREPSILS 36 s HONEY&LEMON,health & pharmacy
B&M,DETTOL 500ML/AIO LINEN,cleaning & laundry
B&M,SMALL MAGIC MAT/PLAIN,homeware
ALDI STORES,BAPS 4PK,groceries
ALDI STORES,BAPS 4PK,groceries
ALDI STORES,BAPS 4PK,groceries
ALDI STORES,BAPS 4PK,groceries
ALDI STORES,SPRING ONIONS,groceries
ALDI STORES,MUSHROOM CLSEDCUP,groceries
WHLUNG SUPERMARKET,WW SHELLY SENBEI RICE CRACKERS 150G,snacks
WHLUNG SUPERMARKET,EULONG COCONUT SHRED COOKIES 520G,snacks
WHLUNG SUPERMARKET,FYN HUAI ROU CHESTNUT 300G,snacks
WHLUNG SUPERMARKET,FYN RINGENT CHESTNUT 270G,snacks
WHLUNG SUPERMARKET,RG MALAYSIAN SPONGE CAKE 360G,snacks
WHLUNG SUPERMARKET,FRUIT,groceries
WHLUNG SUPERMARKET,LKK CHINESE MARINADE,groceries
WHLUNG SUPERMARKET,FRESH FUJI APPLES CASE - SMALL,groceries
B&M,SOREEN L/BOX/5PK W/CHOC,snacks
B&M,SIMPLE SOAP 2PK/125G,personal hygiene
B&M,PEARS SOAP 100G/4PK,personal hygiene
B&M,MIRACLE GRO/50LTR,gardening
